{
    "train": {
        "rmse": 83.27741241455078,
        "mae": 56.4627799987793,
        "r2": 0.6230002641677856
    },
    "val": {
        "rmse": 96.82372283935547,
        "mae": 70.3383560180664,
        "r2": 0.46406668424606323
    },
    "test": {
        "rmse": 101.78894805908203,
        "mae": 71.79853057861328,
        "r2": 0.515878438949585
    }
}