{
    "train": {
        "rmse": 1.046988606452942,
        "mae": 0.8501827716827393,
        "r2": -0.10578322410583496
    },
    "validation": {
        "rmse": 1.0532751083374023,
        "mae": 0.8935320973396301,
        "r2": -0.2761112451553345
    },
    "test": {
        "rmse": 1.1293926239013672,
        "mae": 0.936346709728241,
        "r2": -0.18167805671691895
    }
}