{
    "train": {
        "rmse": 0.5649329679226326,
        "mae": 0.44342830176195486,
        "r2": 0.6781273819010323
    },
    "validation": {
        "rmse": 0.9619619807854158,
        "mae": 0.8306899439829579,
        "r2": -0.06443871030912995
    },
    "test": {
        "rmse": 1.0638572313927115,
        "mae": 0.8856865715128612,
        "r2": -0.04851828094846722
    }
}