{
    "train": {
        "rmse": 64.31645202636719,
        "mae": 43.0246467590332,
        "r2": 0.7751303911209106
    },
    "val": {
        "rmse": 63.82565689086914,
        "mae": 44.80940246582031,
        "r2": 0.7671169638633728
    },
    "test": {
        "rmse": 72.93846130371094,
        "mae": 50.58272933959961,
        "r2": 0.7514199018478394
    }
}