{
    "train": {
        "rmse": 445.58897045001805,
        "mae": 13.110220785938091,
        "r2": 0.9757422603646287
    },
    "validation": {
        "rmse": 646.8387475516736,
        "mae": 13.975708367282188,
        "r2": 0.9664468056366806
    },
    "test": {
        "rmse": 839.7825816983224,
        "mae": 17.202584996171947,
        "r2": 0.9607608121499867
    }
}