{
    "train": {
        "rmse": 44.12726999230091,
        "mae": 21.08848022122228,
        "r2": 0.735599533027697
    },
    "val": {
        "rmse": 43.75007606566117,
        "mae": 23.092395161921896,
        "r2": 0.7211231346644194
    },
    "test": {
        "rmse": 50.558461161374936,
        "mae": 27.208006578228208,
        "r2": 0.6236188528505728
    }
}