{
    "train": {
        "rmse": 16.283096313476562,
        "mae": 11.711055755615234,
        "r2": 0.34985190629959106
    },
    "val": {
        "rmse": 17.991436004638672,
        "mae": 13.15356159210205,
        "r2": 0.24575644731521606
    },
    "test": {
        "rmse": 15.35222339630127,
        "mae": 11.381064414978027,
        "r2": 0.2670588493347168
    }
}