{
    "train": {
        "rmse": 2.2428715870558382,
        "mae": 1.7033550813530487,
        "r2": 0.9876647714261971
    },
    "validation": {
        "rmse": 6.1832793371576935,
        "mae": 4.5378612658722375,
        "r2": 0.9109123260895576
    },
    "test": {
        "rmse": 7.115232395735176,
        "mae": 5.337262899542458,
        "r2": 0.8425637600180163
    }
}