epoch,train_loss,val_loss
1,0.11459276503172972,0.054204925894737244
