{
    "train": {
        "rmse": 0.9977318644523621,
        "mae": 0.8123135566711426,
        "r2": -0.003963470458984375
    },
    "val": {
        "rmse": 1.0433393716812134,
        "mae": 0.8914021849632263,
        "r2": -0.2521491050720215
    },
    "test": {
        "rmse": 1.1076182126998901,
        "mae": 0.9348700046539307,
        "r2": -0.1365525722503662
    }
}