{
    "train": {
        "pre": {
            "rmse": 0.38635650277137756,
            "mae": 0.2684674859046936,
            "r2": 0.652375340461731,
            "mse": 0.14927133917808533,
            "mape": 118699160.0
        },
        "pet": {
            "rmse": 0.37692588567733765,
            "mae": 0.2756742537021637,
            "r2": 0.7641333341598511,
            "mse": 0.1420731246471405,
            "mape": 215424080.0
        }
    },
    "validation": {
        "pre": {
            "rmse": 0.4263635277748108,
            "mae": 0.3264368772506714,
            "r2": 0.6200879812240601,
            "mse": 0.18178585171699524,
            "mape": 318.50439453125
        },
        "pet": {
            "rmse": 0.46450597047805786,
            "mae": 0.35702645778656006,
            "r2": 0.6932698488235474,
            "mse": 0.2157658040523529,
            "mape": 54280176.0
        }
    },
    "test": {
        "pre": {
            "rmse": 0.4475819170475006,
            "mae": 0.33447930216789246,
            "r2": 0.6578047275543213,
            "mse": 0.20032957196235657,
            "mape": 2943358.5
        },
        "pet": {
            "rmse": 0.5074790120124817,
            "mae": 0.40097686648368835,
            "r2": 0.5113964080810547,
            "mse": 0.2575349509716034,
            "mape": 148480784.0
        }
    }
}