{
    "train": {
        "rmse": 43.44147053078462,
        "mae": 26.053858389833845,
        "r2": 0.7437539767761956
    },
    "val": {
        "rmse": 42.143089260759204,
        "mae": 26.70222521001766,
        "r2": 0.7412337695654065
    },
    "test": {
        "rmse": 44.6797973813937,
        "mae": 28.34623276871509,
        "r2": 0.7060573821743669
    }
}