{
    "batch_size": 4,
    "n_conv_layers": 1,
    "hidden_channels": 16,
    "kernel_size": 1,
    "learning_rate": 0.0020936352460814434,
    "dropout": 0.1707517827198342
}