{
    "train": {
        "rmse": 4.696807798218727,
        "mae": 3.05857919169249,
        "r2": 0.8716056496279047
    },
    "val": {
        "rmse": 5.904471549336211,
        "mae": 3.929080589472585,
        "r2": 0.8518866480985706
    },
    "test": {
        "rmse": 4.763505022022296,
        "mae": 3.260988503645542,
        "r2": 0.8736626599680022
    }
}