{
    "train": {
        "rmse": 0.5060603618621826,
        "mae": 0.3839494287967682,
        "r2": 0.3982387185096741,
        "mse": 0.25609710812568665,
        "mape": 186188864.0
    },
    "validation": {
        "rmse": 0.5553421378135681,
        "mae": 0.4494613707065582,
        "r2": 0.3554684519767761,
        "mse": 0.3084048628807068,
        "mape": 195.03907775878906
    },
    "test": {
        "rmse": 0.5384018421173096,
        "mae": 0.425542414188385,
        "r2": 0.504844069480896,
        "mse": 0.2898765206336975,
        "mape": 1235246.125
    }
}