epoch,train_loss,val_loss
1,0.13962431807639236,0.050452335427204766
