{
    "train": {
        "rmse": 18075.938116314297,
        "mae": 104.51385621231583,
        "r2": 0.018472030207305257
    },
    "validation": {
        "rmse": 19076.156516735668,
        "mae": 106.98532681916515,
        "r2": 0.010470555665672232
    },
    "test": {
        "rmse": 16323.513173749823,
        "mae": 104.3637641679184,
        "r2": 0.01273484075127207
    }
}