{
    "train": {
        "rmse": 1.4996981714538664,
        "mae": 0.987240395374677,
        "r2": -0.5191631921196069
    },
    "validation": {
        "rmse": 1.6334474464651576,
        "mae": 1.0024522715954465,
        "r2": -1.0651268586786116
    },
    "test": {
        "rmse": 1.6911558199853696,
        "mae": 1.0671543062422073,
        "r2": -1.2558461307449158
    }
}