{
    "train": {
        "rmse": 0.6450136351178853,
        "mae": 0.3790245256053861,
        "r2": 0.013475867591456803
    },
    "val": {
        "rmse": 0.6695895796469996,
        "mae": 0.409612088739501,
        "r2": -0.007445587368676065
    },
    "test": {
        "rmse": 0.6518179770203717,
        "mae": 0.3957691168702787,
        "r2": -0.001749394306240326
    }
}