{
    "train": {
        "rmse": 0.9956302263061474,
        "mae": 0.8135185271430958,
        "r2": 0.0013800343345047317
    },
    "validation": {
        "rmse": 1.031030113264924,
        "mae": 0.8529022446556446,
        "r2": -0.13466559639947606
    },
    "test": {
        "rmse": 0.8789852060174104,
        "mae": 0.7956279185334157,
        "r2": -0.04017384751311637
    }
}